,,,,סיפי קבלה,משוקללים רלוונטים,,רכיב פסיכומטרי לחישוב משוקלל לחוג,,,תנאי סף,,,חישוב ציונים משוקללים,,,
סמל חוג,שם חוג,קוד מסלול,שם המסלול,סף קבלה עדכני,משוקלל בגרות + פסיכומטרי 50/50,משוקלל בגרות + פסיכומטרי 30/70,דגש מילולי,דגש רב תחומי,דגש כמותי,רמת אנגלית,"ציון יע""ל",דרישות נוספות,נא להזין ממוצע בגרות לפי מחשבון האוניברסיטה העברית ,נא לבחור את הציון הפסיכומטרי הרלוונטי (הגבוה מבין כל הציונים הרלוונטיים),משוקלל 50/50 לפי בגרות ופסיכומטרי,משוקלל 30/70 לפי בגרות ופסיכומטרי
101,מקרא,101-1420,"מקרא, דו-חוגי",16,רלוונטי,רלוונטי,רלוונטי,רלוונטי,רלוונטי,בסיסי,145,,110.8,724,24.702,24.496
,,101-1425,"מקרא ומדעי היהדות, דו-חוגי, תוכנית רביבים",18.5,רלוונטי,רלוונטי,רלוונטי,רלוונטי,רלוונטי,מתקדמים א',145,נדרש ריאיון אישי,111.67,670,23.840,23.139
102,תלמוד והלכה,102-1430,"תלמוד, דו-חוגי",16,רלוונטי,רלוונטי,רלוונטי,רלוונטי,רלוונטי,בסיסי,145,,110.8,,יש להזין ממוצע בגרות וציון פסיכומטרי,יש להזין ממוצע בגרות וציון פסיכומטרי
105,היסטוריה של עם ישראל ויהדות זמננו,105-1320,"היסטוריה של עם ישראל ויהדות זמננו, דו-חוגי",16,רלוונטי,רלוונטי,רלוונטי,רלוונטי,רלוונטי,בסיסי,120,,,,יש להזין ממוצע בגרות וציון פסיכומטרי,יש להזין ממוצע בגרות וציון פסיכומטרי
108,ספרות עברית,108-1840,"ספרות עברית, דו-חוגי",16,רלוונטי,רלוונטי,רלוונטי,רלוונטי,רלוונטי,בסיסי,145,,,,יש להזין ממוצע בגרות וציון פסיכומטרי,יש להזין ממוצע בגרות וציון פסיכומטרי
109,הלשון העברית,109-1820,"הלשון העברית, דו-חוגי",16,רלוונטי,רלוונטי,רלוונטי,רלוונטי,רלוונטי,בסיסי,145,,,,יש להזין ממוצע בגרות וציון פסיכומטרי,יש להזין ממוצע בגרות וציון פסיכומטרי
113,מחשבת ישראל,113-1440,"מחשבת ישראל, דו-חוגי",16,רלוונטי,רלוונטי,רלוונטי,רלוונטי,רלוונטי,בסיסי,145,,,,יש להזין ממוצע בגרות וציון פסיכומטרי,יש להזין ממוצע בגרות וציון פסיכומטרי
115,מדעי היהדות,115-1510,"מדעי היהדות, דו-חוגי",16,רלוונטי,רלוונטי,רלוונטי,רלוונטי,רלוונטי,בסיסי,120,,,,יש להזין ממוצע בגרות וציון פסיכומטרי,יש להזין ממוצע בגרות וציון פסיכומטרי
,,115-1425,"מקרא ומדעי היהדות, דו-חוגי, תוכנית רביבים",18.5,רלוונטי,רלוונטי,רלוונטי,רלוונטי,רלוונטי,מתקדמים א',145,נדרש ריאיון אישי,,,יש להזין ממוצע בגרות וציון פסיכומטרי,יש להזין ממוצע בגרות וציון פסיכומטרי
122,לימודי האסלאם והמזרח התיכון,122-1340,"לימודי האסלאם והמזרח התיכון, דו-חוגי",16.5,רלוונטי,רלוונטי,רלוונטי,רלוונטי,רלוונטי,בסיסי,105,,,,יש להזין ממוצע בגרות וציון פסיכומטרי,יש להזין ממוצע בגרות וציון פסיכומטרי
123,שפה וספרות ערבית,123-1830,"שפה וספרות ערבית, דו-חוגי",16,רלוונטי,רלוונטי,רלוונטי,רלוונטי,רלוונטי,בסיסי,105,,,,יש להזין ממוצע בגרות וציון פסיכומטרי,יש להזין ממוצע בגרות וציון פסיכומטרי
124,לימודי אסיה,124-1325,"לימודי אסיה, דו-חוגי, מדור קוריאה",17,רלוונטי,רלוונטי,רלוונטי,רלוונטי,רלוונטי,בסיסי,105,,,,יש להזין ממוצע בגרות וציון פסיכומטרי,יש להזין ממוצע בגרות וציון פסיכומטרי
,,124-1330,"לימודי אסיה, דו-חוגי, מדור סין",17,רלוונטי,רלוונטי,רלוונטי,רלוונטי,רלוונטי,בסיסי,105,,,,יש להזין ממוצע בגרות וציון פסיכומטרי,יש להזין ממוצע בגרות וציון פסיכומטרי
,,124-1331,"לימודי אסיה, דו-חוגי, מדור יפן",17,רלוונטי,רלוונטי,רלוונטי,רלוונטי,רלוונטי,בסיסי,105,,,,יש להזין ממוצע בגרות וציון פסיכומטרי,יש להזין ממוצע בגרות וציון פסיכומטרי
,,124-1332,"לימודי אסיה, דו-חוגי, מדור הודו ואינדונזיה",17,רלוונטי,רלוונטי,רלוונטי,רלוונטי,רלוונטי,בסיסי,105,,,,יש להזין ממוצע בגרות וציון פסיכומטרי,יש להזין ממוצע בגרות וציון פסיכומטרי
140,פילוסופיה,140-1402,"פילוסופיה, דו-חוגי",17.5,רלוונטי,רלוונטי,רלוונטי,רלוונטי,רלוונטי,בסיסי,105,,107,,יש להזין ממוצע בגרות וציון פסיכומטרי,יש להזין ממוצע בגרות וציון פסיכומטרי
141,מדע הדתות,141-1419,"מדע הדתות, דו-חוגי",16,רלוונטי,רלוונטי,רלוונטי,רלוונטי,רלוונטי,בסיסי,105,,,,יש להזין ממוצע בגרות וציון פסיכומטרי,יש להזין ממוצע בגרות וציון פסיכומטרי
143,מדעי הקוגניציה והמוח,143-1530,"מדעי הקוגניציה והמוח, דו-חוגי",24,רלוונטי,רלוונטי,לא רלוונטי,רלוונטי,רלוונטי,בסיסי,105,,115.3,646,24.255,23.008
,,143-2025,"מדעי הקוגניציה והמוח, דו-חוגי, בשילוב פיסיקה",24,רלוונטי,רלוונטי,לא רלוונטי,רלוונטי,רלוונטי,בסיסי,105,,,,יש להזין ממוצע בגרות וציון פסיכומטרי,יש להזין ממוצע בגרות וציון פסיכומטרי
,,143-3021,"מדעי הקוגניציה והמוח, דו-חוגי, בשילוב מדעי המחשב",24,רלוונטי,רלוונטי,לא רלוונטי,רלוונטי,רלוונטי,בסיסי,105,,111.4,683,24.033,23.457
,,143-4026,"מדעי הקוגניציה והמוח, דו-חוגי, בשילוב מדעי החיים - תכנית אתגר",24,רלוונטי,רלוונטי,לא רלוונטי,רלוונטי,רלוונטי,בסיסי,105,,,,יש להזין ממוצע בגרות וציון פסיכומטרי,יש להזין ממוצע בגרות וציון פסיכומטרי
,,143-7009,"מדעי הקוגניציה והמוח, דו-חוגי, בשילוב פסיכולוגיה",24,רלוונטי,רלוונטי,לא רלוונטי,רלוונטי,רלוונטי,בסיסי,105,,,,יש להזין ממוצע בגרות וציון פסיכומטרי,יש להזין ממוצע בגרות וציון פסיכומטרי
,,143-4025,"מדעי הקוגניציה והמוח, דו-חוגי, בשילוב מדעי החיים",24,רלוונטי,רלוונטי,לא רלוונטי,רלוונטי,רלוונטי,בסיסי,105,,,,יש להזין ממוצע בגרות וציון פסיכומטרי,יש להזין ממוצע בגרות וציון פסיכומטרי
,,143-3095,"מדעי הקוגניציה והמוח, דו-חוגי, בשילוב בינה מלאכותית",24,רלוונטי,רלוונטי,לא רלוונטי,רלוונטי,רלוונטי,בסיסי,105,,111.4,,יש להזין ממוצע בגרות וציון פסיכומטרי,יש להזין ממוצע בגרות וציון פסיכומטרי
,,143-1023,"מדעי הקוגניציה והמוח, דו-חוגי, בשילוב מתמטיקה",24,רלוונטי,רלוונטי,לא רלוונטי,רלוונטי,רלוונטי,בסיסי,105,,,,יש להזין ממוצע בגרות וציון פסיכומטרי,יש להזין ממוצע בגרות וציון פסיכומטרי
150,ארכאולוגיה והמזרח הקרוב והקדום,150-1915,"ארכיאולוגיה והמזרח הקרוב הקדום, דו-חוגי",16.5,רלוונטי,רלוונטי,רלוונטי,רלוונטי,רלוונטי,בסיסי,105,,,,יש להזין ממוצע בגרות וציון פסיכומטרי,יש להזין ממוצע בגרות וציון פסיכומטרי
151,היסטוריה,151-1310,"היסטוריה, דו-חוגי",16.5,רלוונטי,רלוונטי,רלוונטי,רלוונטי,רלוונטי,בסיסי,105,,,,יש להזין ממוצע בגרות וציון פסיכומטרי,יש להזין ממוצע בגרות וציון פסיכומטרי
155,לימודים ספרדיים ולטינו-אמריקניים,155-1711,"לימודים ספרדיים ולטינו אמריקניים, דו-חוגי",16,רלוונטי,רלוונטי,רלוונטי,רלוונטי,רלוונטי,בסיסי,105,,,,יש להזין ממוצע בגרות וציון פסיכומטרי,יש להזין ממוצע בגרות וציון פסיכומטרי
156,לימודים רוסיים וסלאווים,156-1708,"לימודים רוסיים וסלאוויים, דו-חוגי",16,רלוונטי,רלוונטי,רלוונטי,רלוונטי,רלוונטי,בסיסי,105,,,,יש להזין ממוצע בגרות וציון פסיכומטרי,יש להזין ממוצע בגרות וציון פסיכומטרי
157,שפה וספרות גרמנית,157-1709,"שפה וספרות גרמנית, דו-חוגי",16,רלוונטי,רלוונטי,רלוונטי,רלוונטי,רלוונטי,בסיסי,105,,,,יש להזין ממוצע בגרות וציון פסיכומטרי,יש להזין ממוצע בגרות וציון פסיכומטרי
172,לימודים קלאסיים,172-1815,"לימודים קלאסיים, דו-חוגי",16,רלוונטי,רלוונטי,רלוונטי,רלוונטי,רלוונטי,בסיסי,105,,,,יש להזין ממוצע בגרות וציון פסיכומטרי,יש להזין ממוצע בגרות וציון פסיכומטרי
176,אנגלית,176-1810,"אנגלית, דו-חוגי",16.25,רלוונטי,רלוונטי,רלוונטי,רלוונטי,רלוונטי,פטור,105,,96.6,500,16.744,16.277
179,לימודים רומאניים,179-1703,"לימודים רומאניים, דו-חוגי",16,רלוונטי,רלוונטי,רלוונטי,רלוונטי,רלוונטי,בסיסי,105,,,,יש להזין ממוצע בגרות וציון פסיכומטרי,יש להזין ממוצע בגרות וציון פסיכומטרי
180,ספרות כללית והשוואתית,180-1801,"ספרות כללית והשוואתית, דו-חוגי",16,רלוונטי,רלוונטי,רלוונטי,רלוונטי,רלוונטי,בסיסי,120,,,,יש להזין ממוצע בגרות וציון פסיכומטרי,יש להזין ממוצע בגרות וציון פסיכומטרי
181,בלשנות,181-1751,"בלשנות, דו-חוגי",16.75,רלוונטי,רלוונטי,רלוונטי,רלוונטי,רלוונטי,מתקדמים ב',105,,,,יש להזין ממוצע בגרות וציון פסיכומטרי,יש להזין ממוצע בגרות וציון פסיכומטרי
,,181-3012,"בלשנות, דו-חוגי, בשילוב מדעי המחשב",16.75,רלוונטי,רלוונטי,רלוונטי,רלוונטי,רלוונטי,מתקדמים ב',105,,,,יש להזין ממוצע בגרות וציון פסיכומטרי,יש להזין ממוצע בגרות וציון פסיכומטרי
197,תולדות האמנות,197-1950,"תולדות האמנות, דו-חוגי",16.25,רלוונטי,רלוונטי,רלוונטי,רלוונטי,רלוונטי,בסיסי,105,,,,יש להזין ממוצע בגרות וציון פסיכומטרי,יש להזין ממוצע בגרות וציון פסיכומטרי
198,תולדות התאטרון,198-1930,"תולדות התאטרון, דו-חוגי",16,רלוונטי,רלוונטי,רלוונטי,רלוונטי,רלוונטי,בסיסי,105,,,,יש להזין ממוצע בגרות וציון פסיכומטרי,יש להזין ממוצע בגרות וציון פסיכומטרי
199,מוסיקולוגיה,199-1940,"מוסיקולוגיה, דו-חוגי",16,רלוונטי,רלוונטי,רלוונטי,רלוונטי,רלוונטי,בסיסי,105,,,,יש להזין ממוצע בגרות וציון פסיכומטרי,יש להזין ממוצע בגרות וציון פסיכומטרי
200,חינוך,200-1200,"חינוך, דו-חוגי",17.5,רלוונטי,רלוונטי,רלוונטי,רלוונטי,רלוונטי,בסיסי,105,,,,יש להזין ממוצע בגרות וציון פסיכומטרי,יש להזין ממוצע בגרות וציון פסיכומטרי
,,200-1222,"חינוך, דו-חוגי, בשילוב סוציולוגיה ואנתרופולוגיה",17.5,רלוונטי,רלוונטי,רלוונטי,רלוונטי,רלוונטי,בסיסי,105,,,,יש להזין ממוצע בגרות וציון פסיכומטרי,יש להזין ממוצע בגרות וציון פסיכומטרי
,,200-1229,"חינוך, דו-חוגי, בשילוב פסיכולוגיה",17.5,רלוונטי,רלוונטי,רלוונטי,רלוונטי,רלוונטי,בסיסי,105,,,,יש להזין ממוצע בגרות וציון פסיכומטרי,יש להזין ממוצע בגרות וציון פסיכומטרי
222,תכנית הלימודים הרב-תחומית,222-1524,"התוכנית הרב-תחומית במדעי הרוח, דו-חוגי",16,רלוונטי,רלוונטי,רלוונטי,רלוונטי,רלוונטי,בסיסי,105,,,,יש להזין ממוצע בגרות וציון פסיכומטרי,יש להזין ממוצע בגרות וציון פסיכומטרי
255,אמירים - תכנית מצטיינים,255-1500,"תוכנית אמירים מדעי הרוח, דו-חוגי",23.777,רלוונטי,רלוונטי,רלוונטי,רלוונטי,רלוונטי,בסיסי,105,נדרש ריאיון אישי,109.3,,יש להזין ממוצע בגרות וציון פסיכומטרי,יש להזין ממוצע בגרות וציון פסיכומטרי
300,פסיכולוגיה,300-7000,"פסיכולוגיה, דו-חוגי",22.5,רלוונטי,רלוונטי,לא רלוונטי,רלוונטי,רלוונטי,בסיסי,105,,,,יש להזין ממוצע בגרות וציון פסיכומטרי,יש להזין ממוצע בגרות וציון פסיכומטרי
,,300-7009,"פסיכולוגיה, דו-חוגי, בשילוב מדעי הקוגניציה והמוח",22.5,רלוונטי,רלוונטי,לא רלוונטי,רלוונטי,רלוונטי,בסיסי,105,,112.4,689,24.398,23.767
301,סוציולוגיה ואנתרופולוגיה,301-7100,"סוציולוגיה ואנתרופולוגיה, דו-חוגי",17.5,רלוונטי,רלוונטי,רלוונטי,רלוונטי,רלוונטי,בסיסי,105,,96.6,538,17.501,17.321
311,מדע המדינה,311-7200,"מדע המדינה, דו-חוגי",17.5,רלוונטי,רלוונטי,רלוונטי,רלוונטי,רלוונטי,בסיסי,105,,,,יש להזין ממוצע בגרות וציון פסיכומטרי,יש להזין ממוצע בגרות וציון פסיכומטרי
312,יחסים בין-לאומיים,312-7300,"יחסים בין-לאומיים, דו-חוגי",17.5,רלוונטי,רלוונטי,רלוונטי,רלוונטי,רלוונטי,בסיסי,105,,,,יש להזין ממוצע בגרות וציון פסיכומטרי,יש להזין ממוצע בגרות וציון פסיכומטרי
318,צירוף פסיכולוגיה ומדעי החיים,318-4024,"צירוף פסיכולוגיה ומדעי החיים, חד-חוגי",23.75,רלוונטי,לא רלוונטי,לא רלוונטי,לא רלוונטי,רלוונטי,בסיסי,105,,,,יש להזין ממוצע בגרות וציון פסיכומטרי,יש להזין ממוצע בגרות וציון פסיכומטרי
321,כלכלה,321-1021,"כלכלה, דו-חוגי, בשילוב מתמטיקה",20.75,רלוונטי,רלוונטי,לא רלוונטי,רלוונטי,רלוונטי,בסיסי,105,,,,יש להזין ממוצע בגרות וציון פסיכומטרי,יש להזין ממוצע בגרות וציון פסיכומטרי
,,321-3020,"כלכלה, דו-חוגי, בשילוב מדעי המחשב",20.75,רלוונטי,רלוונטי,לא רלוונטי,רלוונטי,רלוונטי,בסיסי,105,,,,יש להזין ממוצע בגרות וציון פסיכומטרי,יש להזין ממוצע בגרות וציון פסיכומטרי
,,321-3033,"כלכלה, דו-חוגי, בשילוב מט""ר - ממשקי טכנולוגיה, חברה ורשתות",20.75,רלוונטי,רלוונטי,לא רלוונטי,רלוונטי,רלוונטי,בסיסי,105,,113.4,609,23.051,21.715
,,321-7411,"כלכלה, דו-חוגי, בשילוב סטטיסטיקה ומדע הנתונים",20.75,רלוונטי,רלוונטי,לא רלוונטי,רלוונטי,רלוונטי,בסיסי,105,,,,יש להזין ממוצע בגרות וציון פסיכומטרי,יש להזין ממוצע בגרות וציון פסיכומטרי
,,321-7500,"כלכלה, דו-חוגי",20.75,רלוונטי,רלוונטי,לא רלוונטי,רלוונטי,רלוונטי,בסיסי,105,,,,יש להזין ממוצע בגרות וציון פסיכומטרי,יש להזין ממוצע בגרות וציון פסיכומטרי
322,מנהל עסקים,322-3221,"מנהל עסקים, דו-חוגי",20.75,רלוונטי,רלוונטי,לא רלוונטי,רלוונטי,רלוונטי,בסיסי,105,"נדרשת בגרות 4 יח""ל מתמטיקה בציון 60 לפחות",,,יש להזין ממוצע בגרות וציון פסיכומטרי,יש להזין ממוצע בגרות וציון פסיכומטרי
,,322-3035,"מנהל עסקים, דו-חוגי, בשילוב מט""ר - ממשקי טכנולוגיה, חברה ורשתות",20.75,רלוונטי,רלוונטי,לא רלוונטי,רלוונטי,רלוונטי,בסיסי,105,"נדרשת בגרות 4 יח""ל מתמטיקה בציון 60 לפחות",,,יש להזין ממוצע בגרות וציון פסיכומטרי,יש להזין ממוצע בגרות וציון פסיכומטרי
,,322-3226,"מנהל עסקים, דו-חוגי, בשילוב חשבונאות",20.75,רלוונטי,רלוונטי,לא רלוונטי,רלוונטי,רלוונטי,בסיסי,105,"נדרשת בגרות 4 יח""ל מתמטיקה בציון 60 לפחות",,,יש להזין ממוצע בגרות וציון פסיכומטרי,יש להזין ממוצע בגרות וציון פסיכומטרי
,,322-3253,"מנהל עסקים, דו-חוגי, בשילוב כלכלה",20.75,רלוונטי,רלוונטי,לא רלוונטי,רלוונטי,רלוונטי,בסיסי,105,"נדרשת בגרות 4 יח""ל מתמטיקה בציון 60 לפחות",,,יש להזין ממוצע בגרות וציון פסיכומטרי,יש להזין ממוצע בגרות וציון פסיכומטרי
323,תקשורת ועיתונאות,323-3034,"תקשורת ועיתונאות, דו-חוגי, בשילוב מט""ר - ממשקי טכנולוגיה, חברה ורשתות",17.5,רלוונטי,רלוונטי,רלוונטי,רלוונטי,רלוונטי,בסיסי,105,,,,יש להזין ממוצע בגרות וציון פסיכומטרי,יש להזין ממוצע בגרות וציון פסיכומטרי
,,323-7600,"תקשורת ועיתונאות, דו-חוגי",17.5,רלוונטי,רלוונטי,רלוונטי,רלוונטי,רלוונטי,בסיסי,105,,,,יש להזין ממוצע בגרות וציון פסיכומטרי,יש להזין ממוצע בגרות וציון פסיכומטרי
325,חשבונאות,325-3251,"חשבונאות, דו-חוגי",20.75,רלוונטי,רלוונטי,לא רלוונטי,רלוונטי,רלוונטי,בסיסי,105,"נדרשת בגרות 4 יח""ל מתמטיקה בציון 60 לפחות",,,יש להזין ממוצע בגרות וציון פסיכומטרי,יש להזין ממוצע בגרות וציון פסיכומטרי
,,325-3226,"חשבונאות, דו-חוגי, בשילוב מנהל עסקים",20.75,רלוונטי,רלוונטי,לא רלוונטי,רלוונטי,רלוונטי,בסיסי,105,"נדרשת בגרות 4 יח""ל מתמטיקה בציון 60 לפחות",,,יש להזין ממוצע בגרות וציון פסיכומטרי,יש להזין ממוצע בגרות וציון פסיכומטרי
,,325-4952,"חשבונאות, דו-חוגי, בשילוב משפטים",20.75,רלוונטי,רלוונטי,לא רלוונטי,רלוונטי,רלוונטי,בסיסי,105,"נדרשת בגרות 4 יח""ל מתמטיקה בציון 60 לפחות",108,510,19.749,18.210
,,325-3252,"חשבונאות, דו-חוגי, בשילוב כלכלה",20.75,רלוונטי,רלוונטי,לא רלוונטי,רלוונטי,רלוונטי,בסיסי,105,"נדרשת בגרות 4 יח""ל מתמטיקה בציון 60 לפחות",103,622,20.750,20.559
326,"פילוסופיה,כלכלה,מדע המדינה (פכ""מ)",326-7800,"פילוסופיה, כלכלה, מדע המדינה (פכ""מ), חד-חוגי",23,רלוונטי,רלוונטי,לא רלוונטי,רלוונטי,רלוונטי,בסיסי,105,,112,640,23.324,22.363
,,326-7801,"פילוסופיה, כלכלה, מדע המדינה (פכ""מ), חד-חוגי, עם חוג נוסף לתואר",23,רלוונטי,רלוונטי,לא רלוונטי,רלוונטי,רלוונטי,בסיסי,105,,111.67,664,23.721,22.974
401,משפטים,401-4100,"משפטים, חד-חוגי",22.7,רלוונטי,רלוונטי,רלוונטי,רלוונטי,רלוונטי,מתקדמים א',110,,90.2,570,16.563,17.269
401,משפטים,401-4950,"משפטים, חד-חוגי, תואר כפול עם עבודה סוציאלית",22.9,רלוונטי,רלוונטי,רלוונטי,רלוונטי,רלוונטי,מתקדמים א',110,,109,627,#REF!,#REF!
,,401-4951,"משפטים, חד-חוגי, עם כלכלה כחוג נוסף לתואר",22.9,רלוונטי,רלוונטי,רלוונטי,רלוונטי,רלוונטי,מתקדמים א',110,,101,670,23.183,22.750
,,401-4953,"משפטים, חד-חוגי, עם יחסים בין-לאומיים כחוג נוסף לתואר",22.9,רלוונטי,רלוונטי,רלוונטי,רלוונטי,רלוונטי,מתקדמים א',110,,101,577,19.361,19.032
,,401-4954,"משפטים, חד-חוגי, עם פסיכולוגיה כחוג נוסף לתואר",22.9,רלוונטי,רלוונטי,רלוונטי,רלוונטי,רלוונטי,מתקדמים א',110,,80,,יש להזין ממוצע בגרות וציון פסיכומטרי,יש להזין ממוצע בגרות וציון פסיכומטרי
,,401-4955,"משפטים, חד-חוגי, עם מדע המדינה כחוג נוסף לתואר",22.9,רלוונטי,רלוונטי,רלוונטי,רלוונטי,רלוונטי,מתקדמים א',110,,80,,יש להזין ממוצע בגרות וציון פסיכומטרי,יש להזין ממוצע בגרות וציון פסיכומטרי
,,401-4957,"משפטים, חד-חוגי, עם אמירים מדעי הרוח כחוג נוסף לתואר",22.9,רלוונטי,רלוונטי,רלוונטי,רלוונטי,רלוונטי,מתקדמים א',110,,,,יש להזין ממוצע בגרות וציון פסיכומטרי,יש להזין ממוצע בגרות וציון פסיכומטרי
,,401-4958,"משפטים, חד-חוגי, עם היסטוריה כחוג נוסף לתואר",22.9,רלוונטי,רלוונטי,רלוונטי,רלוונטי,רלוונטי,מתקדמים א',110,,,,יש להזין ממוצע בגרות וציון פסיכומטרי,יש להזין ממוצע בגרות וציון פסיכומטרי
,,401-4959,"משפטים, חד-חוגי, עם פילוסופיה כחוג נוסף לתואר",22.9,רלוונטי,רלוונטי,רלוונטי,רלוונטי,רלוונטי,מתקדמים א',110,,,,יש להזין ממוצע בגרות וציון פסיכומטרי,יש להזין ממוצע בגרות וציון פסיכומטרי
,,401-4962,"משפטים, חד-חוגי, עם חוג נוסף לתואר",22.9,רלוונטי,רלוונטי,רלוונטי,רלוונטי,רלוונטי,מתקדמים א',110,,,,יש להזין ממוצע בגרות וציון פסיכומטרי,יש להזין ממוצע בגרות וציון פסיכומטרי
,,401-4000,תכנית מכפיל,23.5,רלוונטי,רלוונטי,לא רלוונטי,רלוונטי,רלוונטי,מתקדמים א',110,,108,700,23.534,23.429
,,401-4952,"משפטים, חד-חוגי, עם חשבונאות כחוג נוסף לתואר",22.9,רלוונטי,רלוונטי,רלוונטי,רלוונטי,רלוונטי,מתקדמים א',110,,108,667,22.877,22.523
411,קרימינולוגיה,411-4920,"קרימינולוגיה, דו-חוגי",17.5,רלוונטי,רלוונטי,רלוונטי,רלוונטי,רלוונטי,בסיסי,105,,118,,יש להזין ממוצע בגרות וציון פסיכומטרי,יש להזין ממוצע בגרות וציון פסיכומטרי
431,עבודה סוציאלית,431-9321,"עבודה סוציאלית, חד-חוגי",20.25,רלוונטי,רלוונטי,לא רלוונטי,רלוונטי,רלוונטי,בסיסי,105,מגבלת גיל 2008 ומטה,18,677,0.923,9.706
,,431-9322,"עבודה סוציאלית, חד-חוגי, עם חוג נוסף לתואר",21.5,רלוונטי,רלוונטי,לא רלוונטי,רלוונטי,רלוונטי,בסיסי,105,מגבלת גיל 2008 ומטה,110,600,22.035,20.973
,,431-9482,"עבודה סוציאלית, חד-חוגי, תואר כפול עם משפטים",21.5,רלוונטי,רלוונטי,לא רלוונטי,רלוונטי,רלוונטי,בסיסי,105,מגבלת גיל 2008 ומטה,,,יש להזין ממוצע בגרות וציון פסיכומטרי,יש להזין ממוצע בגרות וציון פסיכומטרי
456,רווחה חברתית,456-9323,"רווחה חברתית, דו-חוגי",17.5,רלוונטי,רלוונטי,רלוונטי,רלוונטי,רלוונטי,בסיסי,105,,,,יש להזין ממוצע בגרות וציון פסיכומטרי,יש להזין ממוצע בגרות וציון פסיכומטרי
521,מדעי המחשב,521-3009,"מדעי המחשב, חד-חוגי, עם חטיבה",23.75,רלוונטי,לא רלוונטי,לא רלוונטי,לא רלוונטי,רלוונטי,בסיסי,105,,,,יש להזין ממוצע בגרות וציון פסיכומטרי,יש להזין ממוצע בגרות וציון פסיכומטרי
,,521-3010,"מדעי המחשב, חד-חוגי",23.75,רלוונטי,לא רלוונטי,לא רלוונטי,לא רלוונטי,רלוונטי,בסיסי,105,,111.6,670,23.823,
,,521-3015,"מדעי המחשב, חד-חוגי, עם דגש בבינה מלאכותית",23.75,רלוונטי,לא רלוונטי,לא רלוונטי,לא רלוונטי,רלוונטי,בסיסי,105,,,,יש להזין ממוצע בגרות וציון פסיכומטרי,יש להזין ממוצע בגרות וציון פסיכומטרי
,,521-3011,"מדעי המחשב, דו-חוגי",23.75,רלוונטי,לא רלוונטי,לא רלוונטי,לא רלוונטי,רלוונטי,בסיסי,105,,,,יש להזין ממוצע בגרות וציון פסיכומטרי,יש להזין ממוצע בגרות וציון פסיכומטרי
,,521-3012,"מדעי המחשב, דו-חוגי, בשילוב בלשנות",23.75,רלוונטי,לא רלוונטי,לא רלוונטי,לא רלוונטי,רלוונטי,בסיסי,105,,,,יש להזין ממוצע בגרות וציון פסיכומטרי,יש להזין ממוצע בגרות וציון פסיכומטרי
,,521-3014,"מדעי המחשב (עתודה), דו-חוגי, בשילוב סטטיסטיקה ומדע הנתונים",23.75,רלוונטי,לא רלוונטי,לא רלוונטי,לא רלוונטי,רלוונטי,בסיסי,105,,,,יש להזין ממוצע בגרות וציון פסיכומטרי,יש להזין ממוצע בגרות וציון פסיכומטרי
,,521-3017,"מדעי המחשב דו-חוגי, בשילוב סטטיסטיקה ומדע הנתונים",23.75,רלוונטי,לא רלוונטי,לא רלוונטי,לא רלוונטי,רלוונטי,בסיסי,105,,,,יש להזין ממוצע בגרות וציון פסיכומטרי,יש להזין ממוצע בגרות וציון פסיכומטרי
,,521-3020,"מדעי המחשב, דו-חוגי, בשילוב כלכלה",23.75,רלוונטי,לא רלוונטי,לא רלוונטי,לא רלוונטי,רלוונטי,בסיסי,105,,,,יש להזין ממוצע בגרות וציון פסיכומטרי,יש להזין ממוצע בגרות וציון פסיכומטרי
,,521-3021,"מדעי המחשב, דו-חוגי, בשילוב מדעי הקוגניציה והמוח",23.75,רלוונטי,לא רלוונטי,לא רלוונטי,לא רלוונטי,רלוונטי,בסיסי,105,,,,יש להזין ממוצע בגרות וציון פסיכומטרי,יש להזין ממוצע בגרות וציון פסיכומטרי
,,521-3084,"מדעי המחשב, דו-חוגי, בשילוב מט""ר - ממשקי טכנולוגיה, חברה ורשתות",23.75,רלוונטי,לא רלוונטי,לא רלוונטי,לא רלוונטי,רלוונטי,בסיסי,105,,113.4,609,23.051,
,,521-5025,"מדעי המחשב, דו-חוגי, בשילוב כימיה",23.75,רלוונטי,לא רלוונטי,לא רלוונטי,לא רלוונטי,רלוונטי,בסיסי,105,,,,יש להזין ממוצע בגרות וציון פסיכומטרי,יש להזין ממוצע בגרות וציון פסיכומטרי
,,521-8011,"מדעי המחשב, דו-חוגי, בשילוב מדעי כדור הארץ",23.75,רלוונטי,לא רלוונטי,לא רלוונטי,לא רלוונטי,רלוונטי,בסיסי,105,,,,יש להזין ממוצע בגרות וציון פסיכומטרי,יש להזין ממוצע בגרות וציון פסיכומטרי
,,521-8014,"מדעי המחשב, דו-חוגי, בשילוב מתמטיקה",23.75,רלוונטי,לא רלוונטי,לא רלוונטי,לא רלוונטי,רלוונטי,בסיסי,105,,,,יש להזין ממוצע בגרות וציון פסיכומטרי,יש להזין ממוצע בגרות וציון פסיכומטרי
,,521-8015,"מדעי המחשב, דו-חוגי, בשילוב פיסיקה",23.75,רלוונטי,לא רלוונטי,לא רלוונטי,לא רלוונטי,רלוונטי,בסיסי,105,,,,יש להזין ממוצע בגרות וציון פסיכומטרי,יש להזין ממוצע בגרות וציון פסיכומטרי
,,521-3015,"מדעי המחשב, חד-חוגי, עם דגש בבינה מלאכותית",23.75,רלוונטי,לא רלוונטי,לא רלוונטי,לא רלוונטי,רלוונטי,בסיסי,105,,,,יש להזין ממוצע בגרות וציון פסיכומטרי,יש להזין ממוצע בגרות וציון פסיכומטרי
,,521-3091,"מדעי המחשב, דו-חוגי, בשילוב בינה מלאכותית",23.75,רלוונטי,לא רלוונטי,לא רלוונטי,לא רלוונטי,רלוונטי,בסיסי,105,,,,יש להזין ממוצע בגרות וציון פסיכומטרי,יש להזין ממוצע בגרות וציון פסיכומטרי
523,אמירים - תכנית מצטיינים - מחשבים,523-9020,תוכנית אמירים מדעי המחשב- תוכנית מצטיינים,26.5,רלוונטי,לא רלוונטי,לא רלוונטי,לא רלוונטי,רלוונטי,בסיסי,105,,,,יש להזין ממוצע בגרות וציון פסיכומטרי,יש להזין ממוצע בגרות וציון פסיכומטרי
525,"מט""ר - ממשקי טכנולוגיה, חברה ורשתות",525-3032,"מט""ר - ממשקי טכנולוגיה, חברה ורשתות, דו-חוגי, בשילוב חוג עיוני",23.25,רלוונטי,רלוונטי,לא רלוונטי,רלוונטי,רלוונטי,בסיסי,105,,,,יש להזין ממוצע בגרות וציון פסיכומטרי,יש להזין ממוצע בגרות וציון פסיכומטרי
,,525-3033,"מט""ר - ממשקי טכנולוגיה, חברה ורשתות, דו-חוגי, בשילוב כלכלה",23.25,רלוונטי,רלוונטי,לא רלוונטי,רלוונטי,רלוונטי,בסיסי,105,,107,698,23.248,23.229
,,525-3034,"מט""ר - ממשקי טכנולוגיה, חברה ורשתות, דו-חוגי, בשילוב תקשורת ועיתונות",23.25,רלוונטי,רלוונטי,לא רלוונטי,רלוונטי,רלוונטי,בסיסי,105,,,,יש להזין ממוצע בגרות וציון פסיכומטרי,יש להזין ממוצע בגרות וציון פסיכומטרי
,,525-3035,"מט""ר - ממשקי טכנולוגיה, חברה ורשתות, דו-חוגי, בשילוב מנהל עסקים",23.25,רלוונטי,רלוונטי,לא רלוונטי,רלוונטי,רלוונטי,בסיסי,105,,,,יש להזין ממוצע בגרות וציון פסיכומטרי,יש להזין ממוצע בגרות וציון פסיכומטרי
,,525-3036,"מט""ר - ממשקי טכנולוגיה, חברה ורשתות, דו-חוגי, בשילוב סטטיסטיקה ומדע הנתונים",23.25,רלוונטי,רלוונטי,לא רלוונטי,רלוונטי,רלוונטי,בסיסי,105,,,,יש להזין ממוצע בגרות וציון פסיכומטרי,יש להזין ממוצע בגרות וציון פסיכומטרי
,,525-3083,"מט""ר - ממשקי טכנולוגיה, חברה ורשתות דו-חוגי, בשילוב חוג ניסויי",23.75,רלוונטי,לא רלוונטי,לא רלוונטי,לא רלוונטי,רלוונטי,בסיסי,105,,,,יש להזין ממוצע בגרות וציון פסיכומטרי,יש להזין ממוצע בגרות וציון פסיכומטרי
,,525-3084,"מט""ר - ממשקי טכנולוגיה, חברה ורשתות, דו-חוגי, בשילוב מדעי המחשב",23.75,רלוונטי,לא רלוונטי,לא רלוונטי,לא רלוונטי,רלוונטי,בסיסי,105,,105,620,21.202,
,,525-3086,"מט""ר - ממשקי טכנולוגיה, חברה ורשתות, דו-חוגי, בשילוב מתמטיקה",23.75,רלוונטי,לא רלוונטי,לא רלוונטי,לא רלוונטי,רלוונטי,בסיסי,105,,,,יש להזין ממוצע בגרות וציון פסיכומטרי,יש להזין ממוצע בגרות וציון פסיכומטרי
528,בינה מלאכותית,528-3090,"בינה מלאכותית, דו-חוגי",23.75,רלוונטי,לא רלוונטי,לא רלוונטי,לא רלוונטי,רלוונטי,בסיסי,105,,,,יש להזין ממוצע בגרות וציון פסיכומטרי,יש להזין ממוצע בגרות וציון פסיכומטרי
,,528-3091,"בינה מלאכותית, דו-חוגי, בשילוב מדעי המחשב",23.75,רלוונטי,לא רלוונטי,לא רלוונטי,לא רלוונטי,רלוונטי,בסיסי,105,,,,יש להזין ממוצע בגרות וציון פסיכומטרי,יש להזין ממוצע בגרות וציון פסיכומטרי
,,528-3092,"בינה מלאכותית, דו-חוגי, בשילוב מתמטיקה",23.75,רלוונטי,לא רלוונטי,לא רלוונטי,לא רלוונטי,רלוונטי,בסיסי,105,,,,יש להזין ממוצע בגרות וציון פסיכומטרי,יש להזין ממוצע בגרות וציון פסיכומטרי
,,528-3093,"בינה מלאכותית, דו-חוגי, בשילוב פיסיקה",23.75,רלוונטי,לא רלוונטי,לא רלוונטי,לא רלוונטי,רלוונטי,בסיסי,105,,,,יש להזין ממוצע בגרות וציון פסיכומטרי,יש להזין ממוצע בגרות וציון פסיכומטרי
,,528-3095,"בינה מלאכותית, דו-חוגי, בשילוב מדעי הקוגניציה והמוח",23.75,רלוונטי,לא רלוונטי,לא רלוונטי,לא רלוונטי,רלוונטי,בסיסי,105,,,,יש להזין ממוצע בגרות וציון פסיכומטרי,יש להזין ממוצע בגרות וציון פסיכומטרי
530,מתמטיקה,530-1010,"מתמטיקה, חד-חוגי",22,רלוונטי,לא רלוונטי,לא רלוונטי,לא רלוונטי,רלוונטי,בסיסי,105,,,,יש להזין ממוצע בגרות וציון פסיכומטרי,יש להזין ממוצע בגרות וציון פסיכומטרי
,,530-1011,"מתמטיקה, דו-חוגי, בשילוב חוג ממדעי הטבע",22,רלוונטי,לא רלוונטי,לא רלוונטי,לא רלוונטי,רלוונטי,בסיסי,105,,,,יש להזין ממוצע בגרות וציון פסיכומטרי,יש להזין ממוצע בגרות וציון פסיכומטרי
,,530-1012,"מתמטיקה, חד-חוגי, עם חטיבה",22,רלוונטי,לא רלוונטי,לא רלוונטי,לא רלוונטי,רלוונטי,בסיסי,105,,,,יש להזין ממוצע בגרות וציון פסיכומטרי,יש להזין ממוצע בגרות וציון פסיכומטרי
,,530-1021,"מתמטיקה, דו-חוגי, בשילוב כלכלה",22,רלוונטי,לא רלוונטי,לא רלוונטי,לא רלוונטי,רלוונטי,בסיסי,105,,,,יש להזין ממוצע בגרות וציון פסיכומטרי,יש להזין ממוצע בגרות וציון פסיכומטרי
,,530-1023,"מתמטיקה, דו-חוגי, בשילוב מדעי הקוגניציה והמוח",22,רלוונטי,לא רלוונטי,לא רלוונטי,לא רלוונטי,רלוונטי,בסיסי,105,,,,יש להזין ממוצע בגרות וציון פסיכומטרי,יש להזין ממוצע בגרות וציון פסיכומטרי
,,530-1024,"מתמטיקה, דו-חוגי, בשילוב חוג ממדעי הרוח/החברה",22,רלוונטי,לא רלוונטי,לא רלוונטי,לא רלוונטי,רלוונטי,בסיסי,105,,,,יש להזין ממוצע בגרות וציון פסיכומטרי,יש להזין ממוצע בגרות וציון פסיכומטרי
,,530-1025,"מתמטיקה, דו-חוגי, בשילוב סטטיסטיקה ומדע הנתונים",22,רלוונטי,לא רלוונטי,לא רלוונטי,לא רלוונטי,רלוונטי,בסיסי,105,,,,יש להזין ממוצע בגרות וציון פסיכומטרי,יש להזין ממוצע בגרות וציון פסיכומטרי
,,530-8010,"מתמטיקה, דו-חוגי, בשילוב פיסיקה בדגש מתמטיקה",22,רלוונטי,לא רלוונטי,לא רלוונטי,לא רלוונטי,רלוונטי,בסיסי,105,,,,יש להזין ממוצע בגרות וציון פסיכומטרי,יש להזין ממוצע בגרות וציון פסיכומטרי
,,530-8012,"מתמטיקה, דו-חוגי, בשילוב פיסיקה בדגש פיסיקה",22,רלוונטי,לא רלוונטי,לא רלוונטי,לא רלוונטי,רלוונטי,בסיסי,105,,,,יש להזין ממוצע בגרות וציון פסיכומטרי,יש להזין ממוצע בגרות וציון פסיכומטרי
,,530-8013,"מתמטיקה, דו-חוגי, בשילוב פיסיקה",22,רלוונטי,לא רלוונטי,לא רלוונטי,לא רלוונטי,רלוונטי,בסיסי,105,,,,יש להזין ממוצע בגרות וציון פסיכומטרי,יש להזין ממוצע בגרות וציון פסיכומטרי
,,530-8014,"מתמטיקה, דו-חוגי, בשילוב מדעי המחשב",22,רלוונטי,לא רלוונטי,לא רלוונטי,לא רלוונטי,רלוונטי,בסיסי,105,,,,יש להזין ממוצע בגרות וציון פסיכומטרי,יש להזין ממוצע בגרות וציון פסיכומטרי
,,530-3092,"מתמטיקה, דו-חוגי, בשילוב בינה מלאכותית",22,רלוונטי,לא רלוונטי,לא רלוונטי,לא רלוונטי,רלוונטי,בסיסי,105,,,,יש להזין ממוצע בגרות וציון פסיכומטרי,יש להזין ממוצע בגרות וציון פסיכומטרי
532,מדעי המחשב וביולוגיה חישובית,532-3080,"מדעי המחשב וביולוגיה חישובית, חד-חוגי",24.75,רלוונטי,לא רלוונטי,לא רלוונטי,לא רלוונטי,רלוונטי,בסיסי,105,,,,יש להזין ממוצע בגרות וציון פסיכומטרי,יש להזין ממוצע בגרות וציון פסיכומטרי
,,532-3079,"מדעי המחשב וביולוגיה חישובית, חד-חוגי, עם דגש בבינה מלאכותית",24.75,רלוונטי,לא רלוונטי,לא רלוונטי,לא רלוונטי,רלוונטי,בסיסי,105,,,,יש להזין ממוצע בגרות וציון פסיכומטרי,יש להזין ממוצע בגרות וציון פסיכומטרי
541,פיסיקה,541-2010,"פיסיקה, חד-חוגי",21,רלוונטי,לא רלוונטי,לא רלוונטי,לא רלוונטי,רלוונטי,בסיסי,105,"נדרש מקצוע מדעי נוסף בבגרות + בגרות מורחבת במתמטיקה (4 או 5 יח""ל)",,,יש להזין ממוצע בגרות וציון פסיכומטרי,יש להזין ממוצע בגרות וציון פסיכומטרי
,,541-2011,"פיסיקה, חד-חוגי, עם חטיבה",21,רלוונטי,לא רלוונטי,לא רלוונטי,לא רלוונטי,רלוונטי,בסיסי,105,"נדרש מקצוע מדעי נוסף בבגרות + בגרות מורחבת במתמטיקה (4 או 5 יח""ל)",,,יש להזין ממוצע בגרות וציון פסיכומטרי,יש להזין ממוצע בגרות וציון פסיכומטרי
,,541-2020,"פיסיקה, דו-חוגי",21,רלוונטי,לא רלוונטי,לא רלוונטי,לא רלוונטי,רלוונטי,בסיסי,105,"נדרש מקצוע מדעי נוסף בבגרות + בגרות מורחבת במתמטיקה (4 או 5 יח""ל)",,,יש להזין ממוצע בגרות וציון פסיכומטרי,יש להזין ממוצע בגרות וציון פסיכומטרי
,,541-2025,"פיסיקה, דו-חוגי, בשילוב מדעי הקוגניציה והמוח",21,רלוונטי,לא רלוונטי,לא רלוונטי,לא רלוונטי,רלוונטי,בסיסי,105,"נדרש מקצוע מדעי נוסף בבגרות + בגרות מורחבת במתמטיקה (4 או 5 יח""ל)",,,יש להזין ממוצע בגרות וציון פסיכומטרי,יש להזין ממוצע בגרות וציון פסיכומטרי
,,541-6020,"פיסיקה, דו-חוגי, בשילוב מדעי כדור הארץ",21,רלוונטי,לא רלוונטי,לא רלוונטי,לא רלוונטי,רלוונטי,בסיסי,105,"נדרש מקצוע מדעי נוסף בבגרות + בגרות מורחבת במתמטיקה (4 או 5 יח""ל)",,,יש להזין ממוצע בגרות וציון פסיכומטרי,יש להזין ממוצע בגרות וציון פסיכומטרי
,,541-8010,"פיסיקה, דו-חוגי, בשילוב מתמטיקה בדגש מתמטיקה",21,רלוונטי,לא רלוונטי,לא רלוונטי,לא רלוונטי,רלוונטי,בסיסי,105,"נדרש מקצוע מדעי נוסף בבגרות + בגרות מורחבת במתמטיקה (4 או 5 יח""ל)",,,יש להזין ממוצע בגרות וציון פסיכומטרי,יש להזין ממוצע בגרות וציון פסיכומטרי
,,541-8012,"פיסיקה, דו-חוגי, בשילוב מתמטיקה בדגש פיסיקה",21,רלוונטי,לא רלוונטי,לא רלוונטי,לא רלוונטי,רלוונטי,בסיסי,105,"נדרש מקצוע מדעי נוסף בבגרות + בגרות מורחבת במתמטיקה (4 או 5 יח""ל)",,,יש להזין ממוצע בגרות וציון פסיכומטרי,יש להזין ממוצע בגרות וציון פסיכומטרי
,,541-8013,"פיסיקה, דו-חוגי, בשילוב מתמטיקה",21,רלוונטי,לא רלוונטי,לא רלוונטי,לא רלוונטי,רלוונטי,בסיסי,105,"נדרש מקצוע מדעי נוסף בבגרות + בגרות מורחבת במתמטיקה (4 או 5 יח""ל)",,,יש להזין ממוצע בגרות וציון פסיכומטרי,יש להזין ממוצע בגרות וציון פסיכומטרי
,,541-8015,"פיסיקה, דו-חוגי, בשילוב מדעי המחשב",21,רלוונטי,לא רלוונטי,לא רלוונטי,לא רלוונטי,רלוונטי,בסיסי,105,"נדרש מקצוע מדעי נוסף בבגרות + בגרות מורחבת במתמטיקה (4 או 5 יח""ל)",,,יש להזין ממוצע בגרות וציון פסיכומטרי,יש להזין ממוצע בגרות וציון פסיכומטרי
,,541-3093,"פיסיקה, דו-חוגי, בשילוב בינה מלאכותית",21,רלוונטי,לא רלוונטי,לא רלוונטי,לא רלוונטי,רלוונטי,בסיסי,105,"נדרש מקצוע מדעי נוסף בבגרות + בגרות מורחבת במתמטיקה (4 או 5 יח""ל)",,,יש להזין ממוצע בגרות וציון פסיכומטרי,יש להזין ממוצע בגרות וציון פסיכומטרי
555,אמירים - תכנית מצטיינים - מדעי הטבע,555-9025,אמירים - תכנית מצטיינים - מדעי הטבע,25.75,רלוונטי,לא רלוונטי,לא רלוונטי,לא רלוונטי,רלוונטי,בסיסי,105,,,,יש להזין ממוצע בגרות וציון פסיכומטרי,יש להזין ממוצע בגרות וציון פסיכומטרי
560,כימיה,560-5010,"כימיה, חד-חוגי",19.75,רלוונטי,לא רלוונטי,לא רלוונטי,לא רלוונטי,רלוונטי,בסיסי,105,,,,יש להזין ממוצע בגרות וציון פסיכומטרי,יש להזין ממוצע בגרות וציון פסיכומטרי
,,560-5011,"כימיה, דו-חוגי",19.75,רלוונטי,לא רלוונטי,לא רלוונטי,לא רלוונטי,רלוונטי,בסיסי,105,,,,יש להזין ממוצע בגרות וציון פסיכומטרי,יש להזין ממוצע בגרות וציון פסיכומטרי
,,560-5013,"כימיה, חד-חוגי, תואר כפול עם עזריאלי -הנדסת חומרים",19.75,רלוונטי,לא רלוונטי,לא רלוונטי,לא רלוונטי,רלוונטי,בסיסי,105,הקבלה למסלול באישור ממכללת עזריאלי,,,יש להזין ממוצע בגרות וציון פסיכומטרי,יש להזין ממוצע בגרות וציון פסיכומטרי
,,560-5012,"כימיה, חד-חוגי, עם חטיבה",19.75,רלוונטי,לא רלוונטי,לא רלוונטי,לא רלוונטי,רלוונטי,בסיסי,105,,,,יש להזין ממוצע בגרות וציון פסיכומטרי,יש להזין ממוצע בגרות וציון פסיכומטרי
,,560-5014,"כימיה, חד-חוגי, עם חטיבה, תכנית אתגר",22.75,רלוונטי,לא רלוונטי,לא רלוונטי,לא רלוונטי,רלוונטי,בסיסי,105,,108.42,673,23.100,
,,560-5015,"כימיה, דו-חוגי, תוכנית אתגר",22.75,רלוונטי,לא רלוונטי,לא רלוונטי,לא רלוונטי,רלוונטי,בסיסי,105,,,,יש להזין ממוצע בגרות וציון פסיכומטרי,יש להזין ממוצע בגרות וציון פסיכומטרי
,,560-5020,"כימיה, חד-חוגי, תוכנית אתגר",22.75,רלוונטי,לא רלוונטי,לא רלוונטי,לא רלוונטי,רלוונטי,בסיסי,105,,,,יש להזין ממוצע בגרות וציון פסיכומטרי,יש להזין ממוצע בגרות וציון פסיכומטרי
,,560-5025,"כימיה, דו-חוגי, בשילוב מדעי המחשב",19.75,רלוונטי,לא רלוונטי,לא רלוונטי,לא רלוונטי,רלוונטי,בסיסי,105,,,,יש להזין ממוצע בגרות וציון פסיכומטרי,יש להזין ממוצע בגרות וציון פסיכומטרי
,,560-8008,"כימיה, דו-חוגי, בשילוב מדעי כדור הארץ",19.75,רלוונטי,לא רלוונטי,לא רלוונטי,לא רלוונטי,רלוונטי,בסיסי,105,,,,יש להזין ממוצע בגרות וציון פסיכומטרי,יש להזין ממוצע בגרות וציון פסיכומטרי
566,מדעי הכימיה והביולוגיה,566-8053,"מדעי הכימיה והביולוגיה, חד-חוגי",20,רלוונטי,לא רלוונטי,לא רלוונטי,לא רלוונטי,רלוונטי,בסיסי,105,,,,יש להזין ממוצע בגרות וציון פסיכומטרי,יש להזין ממוצע בגרות וציון פסיכומטרי
569,תכנית משולבת: פיסיקה-כימיה,569-2082,"תכנית משולבת: פיסיקה-כימיה, חד-חוגי",20,רלוונטי,לא רלוונטי,לא רלוונטי,לא רלוונטי,רלוונטי,בסיסי,105,"נדרש מקצוע מדעי נוסף בבגרות + בגרות מורחבת במתמטיקה (4 או 5 יח""ל)",,,יש להזין ממוצע בגרות וציון פסיכומטרי,יש להזין ממוצע בגרות וציון פסיכומטרי
570,מדעי החיים,570-4010,"מדעי החיים, חד-חוגי",19,רלוונטי,לא רלוונטי,לא רלוונטי,לא רלוונטי,רלוונטי,בסיסי,105,,,,יש להזין ממוצע בגרות וציון פסיכומטרי,יש להזין ממוצע בגרות וציון פסיכומטרי
,,570-4011,"מדעי החיים, דו-חוגי, בשילוב חוג ממדעי הטבע",19,רלוונטי,לא רלוונטי,לא רלוונטי,לא רלוונטי,רלוונטי,בסיסי,105,,,,יש להזין ממוצע בגרות וציון פסיכומטרי,יש להזין ממוצע בגרות וציון פסיכומטרי
,,570-4012,"מדעי החיים, חד-חוגי, עם חטיבה",19,רלוונטי,לא רלוונטי,לא רלוונטי,לא רלוונטי,רלוונטי,בסיסי,105,,,,יש להזין ממוצע בגרות וציון פסיכומטרי,יש להזין ממוצע בגרות וציון פסיכומטרי
,,570-4013,"מדעי החיים, דו-חוגי, בשילוב חוג ממדעי הרוח/החברה",19,רלוונטי,לא רלוונטי,לא רלוונטי,לא רלוונטי,רלוונטי,בסיסי,105,,,,יש להזין ממוצע בגרות וציון פסיכומטרי,יש להזין ממוצע בגרות וציון פסיכומטרי
,,570-4019,"מדעי החיים, חד-חוגי, תכנית אתגר עם חטיבה",23.25,רלוונטי,לא רלוונטי,לא רלוונטי,לא רלוונטי,רלוונטי,בסיסי,105,,,,יש להזין ממוצע בגרות וציון פסיכומטרי,יש להזין ממוצע בגרות וציון פסיכומטרי
,,570-4020,"מדעי החיים, חד-חוגי, תכנית אתגר",23.25,רלוונטי,לא רלוונטי,לא רלוונטי,לא רלוונטי,רלוונטי,בסיסי,105,,,,יש להזין ממוצע בגרות וציון פסיכומטרי,יש להזין ממוצע בגרות וציון פסיכומטרי
,,570-4021,"מדעי החיים, דו-חוגי, תכנית אתגר",23.25,רלוונטי,לא רלוונטי,לא רלוונטי,לא רלוונטי,רלוונטי,בסיסי,105,,,,יש להזין ממוצע בגרות וציון פסיכומטרי,יש להזין ממוצע בגרות וציון פסיכומטרי
,,570-4026,"מדעי החיים, דו-חוגי, בשילוב מדעי הקוגניציה והמוח, תכנית אתגר",23.25,רלוונטי,לא רלוונטי,לא רלוונטי,לא רלוונטי,רלוונטי,בסיסי,105,,111,672,23.715,
,,570-4025,"מדעי החיים, דו-חוגי, בשילוב מדעי הקוגניציה והמוח",19,רלוונטי,לא רלוונטי,לא רלוונטי,לא רלוונטי,רלוונטי,בסיסי,105,,,,יש להזין ממוצע בגרות וציון פסיכומטרי,יש להזין ממוצע בגרות וציון פסיכומטרי
,,570-8029,"מדעי החיים, דו-חוגי, בשילוב מדעי כדור הארץ",19,רלוונטי,לא רלוונטי,לא רלוונטי,לא רלוונטי,רלוונטי,בסיסי,105,,111,620,22.679,
581,הנדסת חשמל ופיסיקה יישומית,581-7030,"הנדסת חשמל ופיסיקה יישומית, חד-חוגי",22.5,רלוונטי,לא רלוונטי,לא רלוונטי,לא רלוונטי,רלוונטי,בסיסי,105,נדרשת בגרות במתמטיקה 5 יחל בציון 70/ 4 יחל בציון 90,112.1,676,24.065,
583,הנדסת חשמל ומחשבים,583-5860,"הנדסת חשמל ומדעי המחשב, חד-חוגי",23.75,רלוונטי,לא רלוונטי,לא רלוונטי,לא רלוונטי,רלוונטי,בסיסי,105,,113.4,676,24.385,
595,מדעי כדור הארץ,595-6014,"מדעי כדור הארץ, חד חוגי",18.75,רלוונטי,לא רלוונטי,לא רלוונטי,לא רלוונטי,רלוונטי,בסיסי,105,,,,יש להזין ממוצע בגרות וציון פסיכומטרי,יש להזין ממוצע בגרות וציון פסיכומטרי
,,595-6015,"מדעי כדור הארץ, דו-חוגי",18.75,רלוונטי,לא רלוונטי,לא רלוונטי,לא רלוונטי,רלוונטי,בסיסי,105,,,,יש להזין ממוצע בגרות וציון פסיכומטרי,יש להזין ממוצע בגרות וציון פסיכומטרי
,,595-6020,"מדעי כדור הארץ, דו-חוגי, בשילוב פיסיקה",18.75,רלוונטי,לא רלוונטי,לא רלוונטי,לא רלוונטי,רלוונטי,בסיסי,105,,,,יש להזין ממוצע בגרות וציון פסיכומטרי,יש להזין ממוצע בגרות וציון פסיכומטרי
,,595-6022,"מדעי כדור הארץ, חד חוגי, עם חטיבה",18.75,רלוונטי,לא רלוונטי,לא רלוונטי,לא רלוונטי,רלוונטי,בסיסי,105,,,,יש להזין ממוצע בגרות וציון פסיכומטרי,יש להזין ממוצע בגרות וציון פסיכומטרי
,,595-8008,"מדעי כדור הארץ, דו-חוגי, בשילוב כימיה",18.75,רלוונטי,לא רלוונטי,לא רלוונטי,לא רלוונטי,רלוונטי,בסיסי,105,,,,יש להזין ממוצע בגרות וציון פסיכומטרי,יש להזין ממוצע בגרות וציון פסיכומטרי
,,595-8011,"מדעי כדור הארץ, דו-חוגי, בשילוב מדעי המחשב",18.75,רלוונטי,לא רלוונטי,לא רלוונטי,לא רלוונטי,רלוונטי,בסיסי,105,,,,יש להזין ממוצע בגרות וציון פסיכומטרי,יש להזין ממוצע בגרות וציון פסיכומטרי
,,595-8029,"מדעי כדור הארץ, דו-חוגי, בשילוב מדעי החיים",18.75,רלוונטי,לא רלוונטי,לא רלוונטי,לא רלוונטי,רלוונטי,בסיסי,105,,,,יש להזין ממוצע בגרות וציון פסיכומטרי,יש להזין ממוצע בגרות וציון פסיכומטרי
601,רפואה,601-4601,"רפואה, חד-חוגי, לימודים פרה קליניים",25.186,לא רלוונטי,רלוונטי,לא רלוונטי,רלוונטי,לא רלוונטי,מתקדמים ב',105,"נדרש: ציון פסיכומטרי רב תחומי 700 לפחות + מבחני מו""ר + אזרחות ישראלית/תושבות קבע",119,710, ,25.304
,,601-4630,"רפואה, חד-חוגי, מסלול צבאי-צמרת, לימודים פרה קליניים",24.75,לא רלוונטי,רלוונטי,לא רלוונטי,רלוונטי,לא רלוונטי,מתקדמים ב',105,"נדרש: ציון פסיכומטרי רב תחומי 675 לפחות + מבחני מו""ר + אישור מדור עתודה של צה""ל+ אזרחות ישראלית/תושבות קבע",,,יש להזין ממוצע בגרות וציון פסיכומטרי,יש להזין ממוצע בגרות וציון פסיכומטרי
602,מדעים ביורפואיים,602-8602,"מדעים ביורפואיים, חד-חוגי",21.75,רלוונטי,רלוונטי,לא רלוונטי,רלוונטי,רלוונטי,מתקדמים ב',105,,,,יש להזין ממוצע בגרות וציון פסיכומטרי,יש להזין ממוצע בגרות וציון פסיכומטרי
,,602-6206,"מדעים ביורפואיים, דו-חוגי, בשילוב סטטיסטיקה ומדע הנתונים",21.75,רלוונטי,רלוונטי,לא רלוונטי,רלוונטי,רלוונטי,מתקדמים ב',105,,,,יש להזין ממוצע בגרות וציון פסיכומטרי,יש להזין ממוצע בגרות וציון פסיכומטרי
606,אחיוּת (סיעוד),606-5606,"אחיות (סיעוד), חד-חוגי, בי""ח הדסה",19,רלוונטי,רלוונטי,רלוונטי,רלוונטי,רלוונטי,מתקדמים א',105,,,,יש להזין ממוצע בגרות וציון פסיכומטרי,יש להזין ממוצע בגרות וציון פסיכומטרי
,,606-5611,"אחיות (סיעוד), חד-חוגי, שלוחת אסף הרופא",17.75,רלוונטי,רלוונטי,רלוונטי,רלוונטי,רלוונטי,מתקדמים א',105,,,,יש להזין ממוצע בגרות וציון פסיכומטרי,יש להזין ממוצע בגרות וציון פסיכומטרי
,,606-5613,"אחיות (סיעוד), חד-חוגי, שלוחת קפלן",17.25,רלוונטי,רלוונטי,רלוונטי,רלוונטי,רלוונטי,מתקדמים א',105,,,,יש להזין ממוצע בגרות וציון פסיכומטרי,יש להזין ממוצע בגרות וציון פסיכומטרי
,,606-5614,"אחיות (סיעוד), חד-חוגי, שלוחת קפלן, מסלול חובשים",17.25,רלוונטי,רלוונטי,רלוונטי,רלוונטי,רלוונטי,מתקדמים א',105,,,,יש להזין ממוצע בגרות וציון פסיכומטרי,יש להזין ממוצע בגרות וציון פסיכומטרי
,,606-6606,"אחיות (סיעוד), חד-חוגי, בי""ח הדסה, מסלול עתודאים ""פיסגה""",19,רלוונטי,רלוונטי,רלוונטי,רלוונטי,רלוונטי,מתקדמים א',105,"נדרש אישור מדור עתודה של צה""ל",90,571,16.534,17.267
,,606-6608,לימודי אחיות (סיעוד) לפרמדיקים,17.75,רלוונטי,רלוונטי,רלוונטי,רלוונטי,רלוונטי,מתקדמים א',105,,,,יש להזין ממוצע בגרות וציון פסיכומטרי,יש להזין ממוצע בגרות וציון פסיכומטרי
607,ריפוי בעיסוק,607-4607,"ריפוי בעיסוק, חד-חוגי",20.5,רלוונטי,רלוונטי,לא רלוונטי,רלוונטי,רלוונטי,מתקדמים א',105,נדרש: ריאיון אישי + אזרחות ישראלית/תושבות קבע,106.7,600,21.222,20.493
611,רפואת שיניים,611-5611,"רפואת שיניים, חד-חוגי, לימודים פרה קליניים",23,לא רלוונטי,רלוונטי,לא רלוונטי,רלוונטי,לא רלוונטי,מתקדמים ב',105,נדרש: ציון פסיכומטרי רב תחומי 640 לפחות + מבחן תפיסה מרחבית + ריאיון אישי + אזרחות ישראלית/תושבות קבע,,,יש להזין ממוצע בגרות וציון פסיכומטרי,יש להזין ממוצע בגרות וציון פסיכומטרי
,,611-5638,"רפואת שיניים, חד-חוגי, תכנית בינה, לימודים פרה קליניים",23,לא רלוונטי,רלוונטי,לא רלוונטי,רלוונטי,לא רלוונטי,מתקדמים ב',105,"נדרש: ציון פסיכומטרי רב תחומי 640 לפחות + מבחן תפיסה מרחבית + ריאיון אישי + אישור מדור עתודה של צה""ל + אזרחות ישראלית/תושבות קבע",,,יש להזין ממוצע בגרות וציון פסיכומטרי,יש להזין ממוצע בגרות וציון פסיכומטרי
621,רוקחות,621-3621,"רוקחות, חד-חוגי",22.5,רלוונטי,רלוונטי,לא רלוונטי,רלוונטי,רלוונטי,מתקדמים א',105,,110,600,22.035,20.973
,,621-5620,"רוקחות, חד-חוגי, תכנית מצויינות, מסלול מואץ לתואר שלישי",23,רלוונטי,רלוונטי,לא רלוונטי,רלוונטי,רלוונטי,מתקדמים ב',105,נדרש ריאיון אישי,,,יש להזין ממוצע בגרות וציון פסיכומטרי,יש להזין ממוצע בגרות וציון פסיכומטרי
710,מדעי הצמח בחקלאות,710-1010,"מדעי הצמח בחקלאות, חד-חוגי",18,רלוונטי,רלוונטי,לא רלוונטי,רלוונטי,רלוונטי,בסיסי,105,"חובת השלמות במתמטיקה (לבעלי 3 יח""ל במתמטיקה/ 4 יח""ל מתמטיקה בציון נמוך מ-90/ 5 יח""ל מתמטיקה בציון נמוך מ-75)",,,יש להזין ממוצע בגרות וציון פסיכומטרי,יש להזין ממוצע בגרות וציון פסיכומטרי
,,710-1910,"מדעי הצמח בחקלאות, דו-חוגי, בשילוב כלכלת סביבה וניהול",18.5,רלוונטי,רלוונטי,לא רלוונטי,רלוונטי,רלוונטי,בסיסי,105,"חובת השלמות במתמטיקה (לבעלי 3 יח""ל במתמטיקה/ 4 יח""ל מתמטיקה בציון נמוך מ-90/ 5 יח""ל מתמטיקה בציון נמוך מ-75)",,,יש להזין ממוצע בגרות וציון פסיכומטרי,יש להזין ממוצע בגרות וציון פסיכומטרי
,,710-1011,"מדעי הצמח בחקלאות, חד-חוגי, עם חטיבה באיכות הסביבה",18,רלוונטי,רלוונטי,לא רלוונטי,רלוונטי,רלוונטי,בסיסי,105,"חובת השלמות במתמטיקה (לבעלי 3 יח""ל במתמטיקה/ 4 יח""ל מתמטיקה בציון נמוך מ-90/ 5 יח""ל מתמטיקה בציון נמוך מ-75)",,,יש להזין ממוצע בגרות וציון פסיכומטרי,יש להזין ממוצע בגרות וציון פסיכומטרי
,,710-2610,"מדעי הצמח בחקלאות, חד-חוגי, עם חטיבה בשמירת טבע ומנהל שטחים פתוחים",18,רלוונטי,רלוונטי,לא רלוונטי,רלוונטי,רלוונטי,בסיסי,105,"חובת השלמות במתמטיקה (לבעלי 3 יח""ל במתמטיקה/ 4 יח""ל מתמטיקה בציון נמוך מ-90/ 5 יח""ל מתמטיקה בציון נמוך מ-75)",,,יש להזין ממוצע בגרות וציון פסיכומטרי,יש להזין ממוצע בגרות וציון פסיכומטרי
,,710-2510,"מדעי הצמח בחקלאות חד-חוגי, עם התמחות באגרו-אינפורמטיקה",18,רלוונטי,רלוונטי,לא רלוונטי,רלוונטי,רלוונטי,בסיסי,105,"נדרשת בגרות במתמטיקה ברמת 5 יח""ל בציון 80 לפחות",,,יש להזין ממוצע בגרות וציון פסיכומטרי,יש להזין ממוצע בגרות וציון פסיכומטרי
,,710-9511,"מדעי הצמח בחקלאות וביוטכנולוגיה, חד-חוגי",20.5,רלוונטי,רלוונטי,לא רלוונטי,רלוונטי,רלוונטי,בסיסי,105,"חובת השלמות במתמטיקה (לבעלי 3 יח""ל במתמטיקה/ 4 יח""ל מתמטיקה בציון נמוך מ-90/ 5 יח""ל מתמטיקה בציון נמוך מ-75)",,,יש להזין ממוצע בגרות וציון פסיכומטרי,יש להזין ממוצע בגרות וציון פסיכומטרי
712,מדעי התזונה,712-1212,"מדעי התזונה, חד-חוגי, ארבע שנתי",19.75,רלוונטי,רלוונטי,לא רלוונטי,רלוונטי,רלוונטי,בסיסי,105,"חובת השלמות במתמטיקה (לבעלי 3 יח""ל במתמטיקה/ 4 יח""ל מתמטיקה בציון נמוך מ-90/ 5 יח""ל מתמטיקה בציון נמוך מ-75)",,,יש להזין ממוצע בגרות וציון פסיכומטרי,יש להזין ממוצע בגרות וציון פסיכומטרי
,,712-1225,"מדעי התזונה, חד-חוגי, עם חטיבה באגרו-אינפורמטיקה, ארבע שנתי",19.75,רלוונטי,רלוונטי,לא רלוונטי,רלוונטי,רלוונטי,בסיסי,105,"נדרשת בגרות במתמטיקה ברמת 5 יח""ל בציון 80 לפחות",,,יש להזין ממוצע בגרות וציון פסיכומטרי,יש להזין ממוצע בגרות וציון פסיכומטרי
715,אגרואקולוגיה ובריאות הצמח,715-1510,"אגרואקולוגיה ובריאות הצמח, חד-חוגי",18,רלוונטי,רלוונטי,לא רלוונטי,רלוונטי,רלוונטי,בסיסי,105,"חובת השלמות במתמטיקה (לבעלי 3 יח""ל במתמטיקה/ 4 יח""ל מתמטיקה בציון נמוך מ-90/ 5 יח""ל מתמטיקה בציון נמוך מ-75)",,,יש להזין ממוצע בגרות וציון פסיכומטרי,יש להזין ממוצע בגרות וציון פסיכומטרי
,,715-1501,"אגרואקולוגיה ובריאות הצמח, חד-חוגי, עם חטיבה באיכות הסביבה",18,רלוונטי,רלוונטי,לא רלוונטי,רלוונטי,רלוונטי,בסיסי,105,"חובת השלמות במתמטיקה (לבעלי 3 יח""ל במתמטיקה/ 4 יח""ל מתמטיקה בציון נמוך מ-90/ 5 יח""ל מתמטיקה בציון נמוך מ-75)",,,יש להזין ממוצע בגרות וציון פסיכומטרי,יש להזין ממוצע בגרות וציון פסיכומטרי
,,715-2615,"אגרואקולוגיה ובריאות הצמח, חד-חוגי, עם חטיבת שמירת טבע ומנהל שטחים",18,רלוונטי,רלוונטי,לא רלוונטי,רלוונטי,רלוונטי,בסיסי,105,"חובת השלמות במתמטיקה (לבעלי 3 יח""ל במתמטיקה/ 4 יח""ל מתמטיקה בציון נמוך מ-90/ 5 יח""ל מתמטיקה בציון נמוך מ-75)",,,יש להזין ממוצע בגרות וציון פסיכומטרי,יש להזין ממוצע בגרות וציון פסיכומטרי
,,715-2515,"אגרואקולוגיה ובריאות הצמח, חד-חוגי, עם חטיבה באגרו-אינפורמטיקה",18,רלוונטי,רלוונטי,לא רלוונטי,רלוונטי,רלוונטי,בסיסי,105,"נדרשת בגרות במתמטיקה ברמת 5 יח""ל בציון 80 לפחות",,,יש להזין ממוצע בגרות וציון פסיכומטרי,יש להזין ממוצע בגרות וציון פסיכומטרי
,,715-1915,"אגרואקולוגיה ובריאות הצמח, דו-חוגי, בשילוב כלכלת סביבה וניהול",18.25,רלוונטי,רלוונטי,לא רלוונטי,רלוונטי,רלוונטי,בסיסי,105,"חובת השלמות במתמטיקה (לבעלי 3 יח""ל במתמטיקה/ 4 יח""ל מתמטיקה בציון נמוך מ-90/ 5 יח""ל מתמטיקה בציון נמוך מ-75)",,,יש להזין ממוצע בגרות וציון פסיכומטרי,יש להזין ממוצע בגרות וציון פסיכומטרי
,,715-9512,"אגרואקולוגיה ובריאות הצמח וביוטכנולוגיה, חד-חוגי",20.5,רלוונטי,רלוונטי,לא רלוונטי,רלוונטי,רלוונטי,בסיסי,105,"חובת השלמות במתמטיקה (לבעלי 3 יח""ל במתמטיקה/ 4 יח""ל מתמטיקה בציון נמוך מ-90/ 5 יח""ל מתמטיקה בציון נמוך מ-75)",,,יש להזין ממוצע בגרות וציון פסיכומטרי,יש להזין ממוצע בגרות וציון פסיכומטרי
716,מדעי הקרקע והמים,716-1610,"מדעי הקרקע והמים, חד-חוגי",18,רלוונטי,רלוונטי,לא רלוונטי,רלוונטי,רלוונטי,בסיסי,105,"חובת השלמות במתמטיקה (לבעלי 3 יח""ל במתמטיקה/ 4 יח""ל מתמטיקה בציון נמוך מ-90/ 5 יח""ל מתמטיקה בציון נמוך מ-75)",,,יש להזין ממוצע בגרות וציון פסיכומטרי,יש להזין ממוצע בגרות וציון פסיכומטרי
,,716-1601,"מדעי הקרקע והמים, חד-חוגי, חטיבה באיכות הסביבה",18,רלוונטי,רלוונטי,לא רלוונטי,רלוונטי,רלוונטי,בסיסי,105,"חובת השלמות במתמטיקה (לבעלי 3 יח""ל במתמטיקה/ 4 יח""ל מתמטיקה בציון נמוך מ-90/ 5 יח""ל מתמטיקה בציון נמוך מ-75)",,,יש להזין ממוצע בגרות וציון פסיכומטרי,יש להזין ממוצע בגרות וציון פסיכומטרי
,,716-2516,"מדעי הקרקע והמים חד-חוגי, עם חטיבה באגרו-אינפורמטיקה",18,רלוונטי,רלוונטי,לא רלוונטי,רלוונטי,רלוונטי,בסיסי,105,"נדרשת בגרות במתמטיקה ברמת 5 יח""ל בציון 80 לפחות",,,יש להזין ממוצע בגרות וציון פסיכומטרי,יש להזין ממוצע בגרות וציון פסיכומטרי
,,716-1916,"מדעי הקרקע והמים וכלכלת סביבה וניהול, דו-חוגי",18.5,רלוונטי,רלוונטי,לא רלוונטי,רלוונטי,רלוונטי,בסיסי,105,"חובת השלמות במתמטיקה (לבעלי 3 יח""ל במתמטיקה/ 4 יח""ל מתמטיקה בציון נמוך מ-90/ 5 יח""ל מתמטיקה בציון נמוך מ-75)",,,יש להזין ממוצע בגרות וציון פסיכומטרי,יש להזין ממוצע בגרות וציון פסיכומטרי
717,כלכלת סביבה וניהול,717-1710,"כלכלת סביבה וניהול, חד-חוגי",18,רלוונטי,רלוונטי,לא רלוונטי,רלוונטי,רלוונטי,בסיסי,105,"חובת השלמות במתמטיקה (לבעלי 3 יח""ל במתמטיקה/ 4 יח""ל מתמטיקה בציון נמוך מ-90/ 5 יח""ל מתמטיקה בציון נמוך מ-75)",,,יש להזין ממוצע בגרות וציון פסיכומטרי,יש להזין ממוצע בגרות וציון פסיכומטרי
,,717-1910,"כלכלת סביבה וניהול, דו-חוגי, בשילוב מדעי הצמח בחקלאות",18.5,רלוונטי,רלוונטי,לא רלוונטי,רלוונטי,רלוונטי,בסיסי,105,"חובת השלמות במתמטיקה (לבעלי 3 יח""ל במתמטיקה/ 4 יח""ל מתמטיקה בציון נמוך מ-90/ 5 יח""ל מתמטיקה בציון נמוך מ-75)",,,יש להזין ממוצע בגרות וציון פסיכומטרי,יש להזין ממוצע בגרות וציון פסיכומטרי
,,717-1916,"כלכלת סביבה וניהול, דו-חוגי, בשילוב מדעי הקרקע והמים",18.5,רלוונטי,רלוונטי,לא רלוונטי,רלוונטי,רלוונטי,בסיסי,105,"חובת השלמות במתמטיקה (לבעלי 3 יח""ל במתמטיקה/ 4 יח""ל מתמטיקה בציון נמוך מ-90/ 5 יח""ל מתמטיקה בציון נמוך מ-75)",,,יש להזין ממוצע בגרות וציון פסיכומטרי,יש להזין ממוצע בגרות וציון פסיכומטרי
,,717-1918,"כלכלת סביבה וניהול, דו-חוגי, בשילוב מדעי בעלי החיים",18,רלוונטי,רלוונטי,לא רלוונטי,רלוונטי,רלוונטי,בסיסי,105,"חובת השלמות במתמטיקה (לבעלי 3 יח""ל במתמטיקה/ 4 יח""ל מתמטיקה בציון נמוך מ-90/ 5 יח""ל מתמטיקה בציון נמוך מ-75)",,,יש להזין ממוצע בגרות וציון פסיכומטרי,יש להזין ממוצע בגרות וציון פסיכומטרי
,,717-1915,"כלכלת סביבה וניהול, דו-חוגי, בשילוב אגרואקולוגיה ובריאות הצמח",18.25,רלוונטי,רלוונטי,לא רלוונטי,רלוונטי,רלוונטי,בסיסי,105,"חובת השלמות במתמטיקה (לבעלי 3 יח""ל במתמטיקה/ 4 יח""ל מתמטיקה בציון נמוך מ-90/ 5 יח""ל מתמטיקה בציון נמוך מ-75)",,,יש להזין ממוצע בגרות וציון פסיכומטרי,יש להזין ממוצע בגרות וציון פסיכומטרי
,,717-1723,"כלכלת סביבה וניהול, חד-חוגי,עם חטיבה בחקלאות ואיכות הסביבה",18,רלוונטי,רלוונטי,לא רלוונטי,רלוונטי,רלוונטי,בסיסי,105,"חובת השלמות במתמטיקה (לבעלי 3 יח""ל במתמטיקה/ 4 יח""ל מתמטיקה בציון נמוך מ-90/ 5 יח""ל מתמטיקה בציון נמוך מ-75)",,,יש להזין ממוצע בגרות וציון פסיכומטרי,יש להזין ממוצע בגרות וציון פסיכומטרי
,,717-1715,"כלכלת סביבה וניהול, חד-חוגי, עם חטיבה בשיווק ובמימון",18,רלוונטי,רלוונטי,לא רלוונטי,רלוונטי,רלוונטי,בסיסי,105,"חובת השלמות במתמטיקה (לבעלי 3 יח""ל במתמטיקה/ 4 יח""ל מתמטיקה בציון נמוך מ-90/ 5 יח""ל מתמטיקה בציון נמוך מ-75)",,,יש להזין ממוצע בגרות וציון פסיכומטרי,יש להזין ממוצע בגרות וציון פסיכומטרי
,,717-2517,"כלכלת סביבה וניהול, חד-חוגי, עם חטיבה באגרו-אינפורמטיקה",18,רלוונטי,רלוונטי,לא רלוונטי,רלוונטי,רלוונטי,בסיסי,105,"נדרשת בגרות במתמטיקה ברמת 5 יח""ל בציון 80 לפחות",,,יש להזין ממוצע בגרות וציון פסיכומטרי,יש להזין ממוצע בגרות וציון פסיכומטרי
,,717-9515,"כלכלת סביבה וניהול וביוטכנולוגיה, חד-חוגי",20.5,רלוונטי,רלוונטי,לא רלוונטי,רלוונטי,רלוונטי,בסיסי,105,"חובת השלמות במתמטיקה (לבעלי 3 יח""ל במתמטיקה/ 4 יח""ל מתמטיקה בציון נמוך מ-90/ 5 יח""ל מתמטיקה בציון נמוך מ-75)",105.3,650,21.874,21.663
718,מדעי בעלי החיים,718-1810,"מדעי בעלי החיים, חד-חוגי",18.5,רלוונטי,רלוונטי,לא רלוונטי,רלוונטי,רלוונטי,בסיסי,105,"חובת השלמות במתמטיקה (לבעלי 3 יח""ל במתמטיקה/ 4 יח""ל מתמטיקה בציון נמוך מ-90/ 5 יח""ל מתמטיקה בציון נמוך מ-75)",,,יש להזין ממוצע בגרות וציון פסיכומטרי,יש להזין ממוצע בגרות וציון פסיכומטרי
,,718-2518,"מדעי בעלי החיים, חד-חוגי, עם חטיבה באגרו-אינפורמטיקה",18.5,רלוונטי,רלוונטי,לא רלוונטי,רלוונטי,רלוונטי,בסיסי,105,"נדרשת בגרות במתמטיקה ברמת 5 יח""ל בציון 80 לפחות",,,יש להזין ממוצע בגרות וציון פסיכומטרי,יש להזין ממוצע בגרות וציון פסיכומטרי
,,718-1801,"מדעי בעלי החיים, חד-חוגי, חטיבה באיכות הסביבה",18.5,רלוונטי,רלוונטי,לא רלוונטי,רלוונטי,רלוונטי,בסיסי,105,"חובת השלמות במתמטיקה (לבעלי 3 יח""ל במתמטיקה/ 4 יח""ל מתמטיקה בציון נמוך מ-90/ 5 יח""ל מתמטיקה בציון נמוך מ-75)",,,יש להזין ממוצע בגרות וציון פסיכומטרי,יש להזין ממוצע בגרות וציון פסיכומטרי
,,718-2618,"מדעי בעלי החיים, חד-חוגי, חטיבת שמירת טבע ומנהל שטחים פתוחים",18.5,רלוונטי,רלוונטי,לא רלוונטי,רלוונטי,רלוונטי,בסיסי,105,"חובת השלמות במתמטיקה (לבעלי 3 יח""ל במתמטיקה/ 4 יח""ל מתמטיקה בציון נמוך מ-90/ 5 יח""ל מתמטיקה בציון נמוך מ-75)",,,יש להזין ממוצע בגרות וציון פסיכומטרי,יש להזין ממוצע בגרות וציון פסיכומטרי
,,718-1918,"מדעי בעלי החיים, דו-חוגי, בשילוב כלכלת סביבה וניהול",18.5,רלוונטי,רלוונטי,לא רלוונטי,רלוונטי,רלוונטי,בסיסי,105,"חובת השלמות במתמטיקה (לבעלי 3 יח""ל במתמטיקה/ 4 יח""ל מתמטיקה בציון נמוך מ-90/ 5 יח""ל מתמטיקה בציון נמוך מ-75)",,,יש להזין ממוצע בגרות וציון פסיכומטרי,יש להזין ממוצע בגרות וציון פסיכומטרי
,,718-9514,"מדעי בעלי החיים וביוטכנולוגיה, חד-חוגי",20.5,רלוונטי,רלוונטי,לא רלוונטי,רלוונטי,רלוונטי,בסיסי,105,"חובת השלמות במתמטיקה (לבעלי 3 יח""ל במתמטיקה/ 4 יח""ל מתמטיקה בציון נמוך מ-90/ 5 יח""ל מתמטיקה בציון נמוך מ-75)",99.8,663,20.779,21.220
722,ביוכימיה ומדעי המזון,722-2210,"ביוכימיה ומדעי המזון, חד-חוגי",20,רלוונטי,רלוונטי,לא רלוונטי,רלוונטי,רלוונטי,בסיסי,105,"חובת השלמות במתמטיקה (לבעלי 3 יח""ל במתמטיקה/ 4 יח""ל מתמטיקה בציון נמוך מ-90/ 5 יח""ל מתמטיקה בציון נמוך מ-75)",106.2,620,21.498,20.970
,,722-2522,"ביוכימיה ומדעי המזון, חד-חוגי, עם חטיבה באגרו-אינפורמטיקה",20,רלוונטי,רלוונטי,לא רלוונטי,רלוונטי,רלוונטי,בסיסי,105,"נדרשת בגרות במתמטיקה ברמת 5 יח""ל בציון 80 לפחות",,,יש להזין ממוצע בגרות וציון פסיכומטרי,יש להזין ממוצע בגרות וציון פסיכומטרי
,,722-9513,"ביוכימיה ומדעי המזון וביוטכנולוגיה, חד-חוגי",22.5,רלוונטי,רלוונטי,לא רלוונטי,רלוונטי,רלוונטי,בסיסי,105,"חובת השלמות במתמטיקה (לבעלי 3 יח""ל במתמטיקה/ 4 יח""ל מתמטיקה בציון נמוך מ-90/ 5 יח""ל מתמטיקה בציון נמוך מ-75)",99.8,663,20.779,21.220
755,אמירים - תכנית מצטיינים - מדעי החקלאות,755-1155,אמירים - תכנית מצטיינים למדעי החקלאות,24,רלוונטי,רלוונטי,לא רלוונטי,רלוונטי,רלוונטי,בסיסי,105,"חובת השלמות במתמטיקה (לבעלי 3 יח""ל במתמטיקה/ 4 יח""ל מתמטיקה בציון נמוך מ-90/ 5 יח""ל מתמטיקה בציון נמוך מ-75)",,,יש להזין ממוצע בגרות וציון פסיכומטרי,יש להזין ממוצע בגרות וציון פסיכומטרי
821,"גאוגרפיה, סביבה וגאואינפורמטיקה",821-7877,"גאוגרפיה, סביבה וגיאואינפורמטיקה, דו-חוגי",17.5,רלוונטי,רלוונטי,רלוונטי,רלוונטי,רלוונטי,בסיסי,105,,,,יש להזין ממוצע בגרות וציון פסיכומטרי,יש להזין ממוצע בגרות וציון פסיכומטרי
824,סטטיסטיקה ומדע הנתונים,824-1025,"סטטיסטיקה ומדע הנתונים, דו-חוגי, בשילוב מתמטיקה",20.75,רלוונטי,רלוונטי,לא רלוונטי,רלוונטי,רלוונטי,בסיסי,105,"נדרשת בגרות 4 יח""ל מתמטיקה בציון 60 לפחות",,,יש להזין ממוצע בגרות וציון פסיכומטרי,יש להזין ממוצע בגרות וציון פסיכומטרי
,,824-3014,"סטטיסטיקה ומדע הנתונים, דו-חוגי, בשילוב מדעי המחשב (עתודה)",20.75,רלוונטי,רלוונטי,לא רלוונטי,רלוונטי,רלוונטי,בסיסי,105,"נדרשת בגרות 4 יח""ל מתמטיקה בציון 60 לפחות",,,יש להזין ממוצע בגרות וציון פסיכומטרי,יש להזין ממוצע בגרות וציון פסיכומטרי
,,824-3017,"סטטיסטיקה ומדע הנתונים, דו-חוגי, בשילוב מדעי המחשב",20.75,רלוונטי,רלוונטי,לא רלוונטי,רלוונטי,רלוונטי,בסיסי,105,"נדרשת בגרות 4 יח""ל מתמטיקה בציון 60 לפחות",,,יש להזין ממוצע בגרות וציון פסיכומטרי,יש להזין ממוצע בגרות וציון פסיכומטרי
,,824-3036,"סטטיסטיקה ומדע הנתונים, דו-חוגי, בשילוב מט""ר - ממשקי טכנולוגיה, חברה ורשתות",20.75,רלוונטי,רלוונטי,לא רלוונטי,רלוונטי,רלוונטי,בסיסי,105,"נדרשת בגרות 4 יח""ל מתמטיקה בציון 60 לפחות",,,יש להזין ממוצע בגרות וציון פסיכומטרי,יש להזין ממוצע בגרות וציון פסיכומטרי
,,824-7410,"סטטיסטיקה ומדע הנתונים, דו-חוגי",20.75,רלוונטי,רלוונטי,לא רלוונטי,רלוונטי,רלוונטי,בסיסי,105,"נדרשת בגרות 4 יח""ל מתמטיקה בציון 60 לפחות",,,יש להזין ממוצע בגרות וציון פסיכומטרי,יש להזין ממוצע בגרות וציון פסיכומטרי
,,824-7411,"סטטיסטיקה ומדע הנתונים, דו-חוגי, בשילוב כלכלה",20.75,רלוונטי,רלוונטי,לא רלוונטי,רלוונטי,רלוונטי,בסיסי,105,"נדרשת בגרות 4 יח""ל מתמטיקה בציון 60 לפחות",,,יש להזין ממוצע בגרות וציון פסיכומטרי,יש להזין ממוצע בגרות וציון פסיכומטרי